{
    "Sense_current": {
        "Real_min": 796.1821899414062,
        "Real_max": 943.9642333984375,
        "Imag_min": -104.03497314453125,
        "Imag_max": 478.73492431640625,
        "Abs_min": 862.0020234053991,
        "Abs_max": 945.6986522931799,
        "Phase_min": -0.11264320856609532,
        "Phase_max": 0.5413661387565545
    },
    "Battery_current": {
        "Real_min": 87.96307373046875,
        "Real_max": 302.95458984375,
        "Imag_min": -64.92594909667969,
        "Imag_max": 131.15951538085938,
        "Abs_min": 157.92504809261186,
        "Abs_max": 303.0215038944729,
        "Phase_min": -0.24777076698589975,
        "Phase_max": 0.9800361301553723
    },
    "Current_ratio": {
        "Real_min": 2.8446892658798295,
        "Real_max": 5.325724329326269,
        "Imag_min": -2.498599565125819,
        "Imag_max": 0.6348935309272435,
        "Abs_min": 2.8446892789021034,
        "Abs_max": 5.882715310026882,
        "Phase_min": -0.4757560371443033,
        "Phase_max": 0.18741855670110766
    },
    "Battery_impedance": {
        "Real_min": 0.016767694481431544,
        "Real_max": 0.4247071085270751,
        "Imag_min": -0.11760497864186438,
        "Imag_max": 0.016012050744649124,
        "Abs_min": 0.04874007726813566,
        "Abs_max": 0.42510620816736655,
        "Phase_min": -1.2195985385470929,
        "Phase_max": 0.06321117690477118
    },
    "Rectified_Impedance": {
        "Real_min": 0.09522601033182461,
        "Real_max": 0.153985084639926,
        "Imag_min": -0.007449869216980018,
        "Imag_max": 0.0017840223159564501,
        "Abs_min": 0.09522601323210494,
        "Abs_max": 0.15399300786850506,
        "Phase_min": -0.05276433430248761,
        "Phase_max": 0.01858895297747004
    }
}