{
    "type": "<class 'sklearn.preprocessing._data.MinMaxScaler'>",
    "n_features": 10,
    "min": [
        -1.5036335561899945,
        -4.64800648053037,
        -0.3109663942563527,
        -0.005122835246454518,
        0.727763853933335,
        -0.0247466401185876,
        -0.08979720354493789,
        -0.0961293603857929,
        -0.028149097643397198,
        -0.0281490976433972
    ],
    "scale": [
        0.5943191127496436,
        1.2640004282308164,
        0.3153388844073131,
        1.1239997862734628,
        0.18301743056237824,
        0.4872625258153009,
        0.018485297218360605,
        0.015688183045600452,
        0.51783064560526,
        0.010356612912105202
    ]
}