{
  "n": 17,
  "min": [
    2.53001,
    3.677219,
    0.986134,
    0.004558,
    0.149829,
    -47.709458,
    -3.976473,
    0.050787,
    -0.00674,
    4.857764,
    6.127501,
    0.092884,
    0.38829,
    96.484,
    0.190613,
    0.05436,
    2.717983
  ],
  "max": [
    4.212608,
    4.468358,
    4.157326,
    0.894238,
    3.203035,
    11.377074,
    1.487488,
    2.103069,
    1.524976,
    58.954811,
    69.869746,
    11.12103,
    37.318391,
    10818.797,
    7.950525,
    1.985493,
    99.274648
  ]
}